"places","lon","lat"
"Colorado Springs, CO, United States",-104.8213634,38.8338816
"Pine City, MN, United States",-92.9703435,45.8229105
"New Orleans, LA, United States",-90.0715323,29.9510658
"Shoshone, ID, United States",-114.4058752,42.9360165
"Brooklyn, NY, United States",-73.9441579,40.6781784
"Richmond, VA, United States",-77.4360481,37.5407246
"Joliet, IL, United States",-88.0817251,41.525031
"Sugarbush Township, MN, United States",-94.6161477,47.5331351
"Beaufort, SC, United States",-80.6698286,32.4315813
"Eagle Butte, SD, United States",-101.2224805,44.9886537
"Grangeville, ID, United States",-116.1223654,45.926552
"Lexington, NC, United States",-80.2533838,35.8240265
"Philadelphia, PA, United States",-75.1652215,39.9525839
"Exeter, NH, United States",-70.9477546,42.9814292
"Modesto, CA, United States",-120.9968782,37.6390972
"Upland, CA, United States",-117.6483876,34.09751
"Coconut Grove, FL, United States",-80.2377078,25.7307897
"Phoenix, AZ, United States",-112.0740373,33.4483771
"Newport News, VA, United States",-76.4730122,37.0870821
"Willow, AK, United States",-149.9910633,61.7697336
"Hamilton, MI, United States",-86.0019515,42.6673526
"Orangeburg, SC, United States",-80.8556476,33.4918203
"Fairfax, VA, United States",-77.3063733,38.8462236
"Myrtle Point, OR, United States",-124.138992,43.064832
"Fredericktown, MO, United States",-90.2940069,37.5597754
"Colquitt, GA, United States",-84.7332527,31.1712935
"Novi, MI, United States",-83.4754913,42.48059
"Bensalem, PA, United States",-74.9325683,40.0994425
"Chattanooga, TN, United States",-85.3096801,35.0456297
"Kosse, TX, United States",-96.6319231,31.3076774
"Gallup, NM, United States",-108.7425843,35.5280783
"Chelmsford, MA, United States",-71.3672838,42.5998139
"Union City, TN, United States",-89.0570096,36.4242303
"Oakland, CA, United States",-122.2711137,37.8043637
"Norman, OK, United States",-97.4394777,35.2225668
"Lebanon, IN, United States",-86.4691677,40.0483744
"San Francisco, CA, United States",-122.4194155,37.7749295
"Temecula, CA, United States",-117.1483648,33.4936391
"Auburn, CA, United States",-121.0768901,38.8965654
"Dallas, TX, United States",-96.7969879,32.7766642
"Norfolk, NE, United States",-97.4137553,42.0327234
"Tarentum, PA, United States",-79.7597709,40.6014555
"New York, NY, United States",-74.0059413,40.7127837
"Decatur, IL, United States",-88.9548001,39.8403147
"Boston, MA, United States",-71.0588801,42.3600825
"Stockton, CA, United States",-121.2907796,37.9577016
"Denver, CO, United States",-104.990251,39.7392358
"Fort Walton Beach, FL, United States",-86.6170308,30.4200708
"Media, PA, United States",-75.387693,39.9167783
"Cedaredge, CO, United States",-107.926454,38.9016487
"Watertown, NY, United States",-75.9107565,43.9747838
"Nampa, ID, United States",-116.5634624,43.5407172
"Sterling, AK, United States",-150.7647222,60.5372222
"Marion, IN, United States",-85.6591442,40.5583739
"Cocoa Beach, FL, United States",-80.6075513,28.3200067
"Lincoln City, OR, United States",-124.0178914,44.9581644
"Campbellsport, WI, United States",-88.2789873,43.5977728
"Salt Lake City, UT, United States",-111.8910474,40.7607793
"Temple, TX, United States",-97.342782,31.0982344
"Newton, NH, United States",-71.0345018,42.8695335
"Hayward, CA, United States",-122.0807964,37.6688205
"Saint Ignatius, MT, United States",-114.0939979,47.3199306
"Des Moines, IA, United States",-93.6091064,41.6005448
"Louisville, KY, United States",-85.7584557,38.2526647
"White Bluff, TN, United States",-87.2208409,36.1075593
"Owensboro, KY, United States",-87.1111676,37.7719074
"North Augusta, SC, United States",-81.9651152,33.5018026
"Lexington, SC, United States",-81.2362107,33.9815369
"Fairfield, CA, United States",-122.0399663,38.2493581
"Jackson, MI, United States",-84.4013462,42.245869
"Hinsdale County, CO, United States",-107.3848831,37.9316309
"Shawnee County, KS, United States",-95.8142885,39.0928449
"Baltimore, MD, United States",-76.6121893,39.2903848
"Bronx, NY, United States",-73.8648268,40.8447819
"Staten Island, NY, United States",-74.1502007,40.5795317
"El Paso, TX, United States",-106.4850217,31.7618778
"Aberdeen, WA, United States",-123.8157218,46.9753708
"Sylvania, GA, United States",-81.636776,32.7504441
"Gainesville, FL, United States",-82.3248262,29.6516344
"Spring City, PA, United States",-75.5476876,40.1767688
"Fort Lauderdale, FL, United States",-80.1373174,26.1224386
"Big Sandy, TX, United States",-95.1088328,32.5837521
"Coopersburg, PA, United States",-75.390458,40.5114885
"Chicago, IL, United States",-87.6297982,41.8781136
"Eagan, MN, United States",-93.1668858,44.8041322
"Warren, MI, United States",-83.0146526,42.5144566
"Gettysburg, PA, United States",-77.2310955,39.8309293
"Oklahoma City, OK, United States",-97.5164276,35.4675602
"Saint Charles, MO, United States",-90.4974359,38.7881062
"Millersburg, PA, United States",-76.9608103,40.5395289
"Scranton, PA, United States",-75.6624122,41.408969
"Linwood, KS, United States",-95.0391356,39.001392
"Kansas City, MO, United States",-94.5785667,39.0997265
"Mesa, AZ, United States",-111.8314724,33.4151843
"Greenacres City, FL, United States",-80.1353896,26.6276276
"Allentown, PA, United States",-75.4901833,40.6084305
"Carrollton, TX, United States",-96.8899636,32.9756415
"Pittsburgh, PA, United States",-79.9958864,40.4406248
"Stow, MA, United States",-71.5056199,42.4370374
"Blairsville, PA, United States",-79.260869,40.4311796
"Clancy, MT, United States",-111.9863826,46.4652096
"Tampa, FL, United States",-82.4571776,27.950575
"Reno, NV, United States",-119.8138027,39.5296329
"Greeley, CO, United States",-104.7091322,40.4233142
"Houston, TX, United States",-95.3698028,29.7604267
"Clairton, PA, United States",-79.881715,40.292292
"Idaho Springs, CO, United States",-105.5136081,39.7424881
"Inglewood, CA, United States",-118.3531311,33.9616801
"San Benito, TX, United States",-97.6311006,26.132576
"Jay, ME, United States",-70.2161924,44.5039265
"Lynbrook, NY, United States",-73.6717969,40.6548253
"Niagara Falls, NY, United States",-79.0377388,43.0962143
"Secane, PA, United States",-75.302131,39.9140013
"Leominster, MA, United States",-71.759794,42.5250906
"Hallsville, TX, United States",-94.5740934,32.504316
"South Lake Tahoe, CA, United States",-119.9771868,38.939926
"Menlo Park, CA, United States",-122.1817252,37.4529598
"Maple Grove, MN, United States",-93.4557877,45.0724642
"Williamsburg, VA, United States",-76.7074571,37.2707022
"Maple Heights, OH, United States",-81.565956,41.4153313
"Oracle, AZ, United States",-110.7709348,32.6109054
"North Las Vegas, NV, United States",-115.1175013,36.1988592
"Columbus, MS, United States",-88.4272627,33.4956744
"Hilton Head, SC, United States",-80.752608,32.216316
"Manchester, NH, United States",-71.4547891,42.9956397
"Santa Fe, TX, United States",-95.1057625,29.3780129
"Shawnee, OK, United States",-96.9253004,35.3272928
"Zelienople, PA, United States",-80.1367271,40.7945096
"Kennewick, WA, United States",-119.1372338,46.2112458
"Killeen, TX, United States",-97.7277959,31.1171194
"Aransas Pass, TX, United States",-97.1499898,27.9094677
"Moncks Corner, SC, United States",-80.0131374,33.1960027
"Atlantic City, NJ, United States",-74.4229266,39.3642834
"Albany, NY, United States",-73.7562317,42.6525793
"Toledo, OH, United States",-83.555212,41.6639383
"Las Vegas, NV, United States",-115.1398296,36.1699412
"Morning View, KY, United States",-84.4563282,38.8320105
"Tyrone, PA, United States",-78.2386244,40.6706184
"Thorntown, IN, United States",-86.6066706,40.1294838
"Bedford, IA, United States",-94.721358,40.666932
"Atlanta, GA, United States",-84.3879824,33.7489954
"Lancaster, CA, United States",-118.1541632,34.6867846
"Miami Township, OH, United States",-84.2489525,39.6128751
"San Jose, CA, United States",-121.8863286,37.3382082
"Pinole, CA, United States",-122.2988587,38.0043667
"Bath, MI, United States",-84.4485591,42.8187367
"Lauderhill, FL, United States",-80.2133808,26.1403635
"Fort Worth, TX, United States",-97.3307658,32.7554883
"Jackson, MS, United States",-90.1848103,32.2987573
"Lander, WY, United States",-108.7306725,42.833014
"Wallingford, CT, United States",-72.8230736,41.4570108
"Rochester, NH, United States",-70.9756186,43.304526
"Half Moon Bay, CA, United States",-122.4285862,37.4635519
"Ann Arbor, MI, United States",-83.7430378,42.2808256
"Santa Ana, CA, United States",-117.8678338,33.7455731
"Pacific Palisades, CA, United States",-118.5155901,34.0356331
"Daingerfield, TX, United States",-94.7218731,33.031793
"Portland, OR, United States",-122.6764816,45.5230622
"Remsen, NY, United States",-75.1868317,43.3270136
"San Antonio, TX, United States",-98.4936282,29.4241219
"Glendale, OR, United States",-118.255075,34.1425078
"Tyler, TX, United States",-95.3010624,32.3512601
"Victoria, NULL, Canada",-123.3812524,48.4333116
"Kailua, HI, United States",-157.7394444,21.4022222
"Middletown Springs, VT, United States",-73.1181624,43.4856255
"Spring Lake, NC, United States",-78.9728056,35.1679395
"Moscow Mills, MO, United States",-90.9181916,38.9478267
"Akron, OH, United States",-81.5190053,41.0814447
"Mc Kees Rocks, PA, United States",-80.0656106,40.4656244
"Del Haven, NJ, United States",-74.9196203,39.0467066
"Gilmer, TX, United States",-94.9424379,32.7287472
"Los Angeles, CA, United States",-118.2436849,34.0522342
"Belleville, IL, United States",-89.9839935,38.5200504
"Woodville, MS, United States",-91.2995551,31.104619
"Inver Grove Heights, MN, United States",-93.0427153,44.8480218
"Pensacola, FL, United States",-87.2169149,30.421309
"Creole, LA, United States",-93.1112612,29.7960529
"Tacoma, WA, United States",-122.4442906,47.2528768
"Myrtle Beach, SC, United States",-78.8866943,33.6890603
"Running Springs, CA, United States",-117.1092049,34.2077859
"New Castle, PA, United States",-80.347009,41.0036719
"Brookwood, AL, United States",-87.3208336,33.2556719
"Carson, CA, United States",-118.281693,33.8316745
"Newark, NJ, United States",-74.1723667,40.735657
"Muscoy, CA, United States",-117.3442118,34.1541763
"New Columbia, PA, United States",-76.866908,41.0409176
"El Cajon, CA, United States",-116.9625269,32.7947731
"Brentwood, MD, United States",-76.9568974,38.9437631
"Birmingham, AL, United States",-86.80249,33.5206608
"Tucson, AZ, United States",-110.926479,32.2217429
"Brockton, MA, United States",-71.0183787,42.0834335
"Joplin, MO, United States",-94.513281,37.0842271
"Port Salerno, FL, United States",-80.2006014,27.1442168
"Alfred, ME, United States",-70.7161687,43.4764994
"Van Nuys, CA, United States",-118.451357,34.1898566
"Spokane, WA, United States",-117.4260466,47.6587802
"Pearce, AZ, United States",-109.8206232,31.9050865
"Prospect, OR, United States",-85.615517,38.345068
"Litchfield, NY, United States",-75.1457455,42.9777236
"Brunswick, GA, United States",-81.4914894,31.1499528
"Pompano Beach, FL, United States",-80.1247667,26.2378597
"Grand Rapids, MI, United States",-85.6680863,42.9633599
"Toronto, NULL, Canada",-79.392985,43.6712268
"Aiken, SC, United States",-81.7195533,33.5604168
"Challis, ID, United States",-114.2317308,44.5046445
"Deland, FL, United States",-81.3031179,29.028318
"Tupelo, MS, United States",-88.7033859,34.2576066
"Perdido Beach, AL, United States",-87.5049805,30.3407558
"Petal, MS, United States",-89.2600605,31.3465627
"Homewood, IL, United States",-87.6656014,41.5572567
"Dillon, SC, United States",-79.3711579,34.4165505
"Riviera Beach, FL, United States",-80.0580969,26.7753405
"Marathon, FL, United States",-81.0446262,24.726026
"Roanoke, VA, United States",-79.9414266,37.2709704
"Elyria, OH, United States",-82.1076486,41.3683798
"Narrowsburg, NY, United States",-75.0581943,41.602546
"Rancho Cordova, CA, United States",-121.302728,38.5890723
"Fort Myers, FL, United States",-81.8723084,26.640628
"Norfolk, VA, United States",-76.2858726,36.8507689
"Miami Shores, FL, United States",-80.1928253,25.8631515
"Moore, OK, United States",-97.4867028,35.3395079
"Lockhart, TX, United States",-97.6699996,29.8849441
"Kirby, WV, United States",-78.7261273,39.1828825
"Saint Louis, MO, United States",-90.1994042,38.6270025
"Choctaw, OK, United States",-97.2689212,35.4975625
"Arcadia, FL, United States",-81.8584164,27.2158826
"Lawrenceville, GA, United States",-83.9879625,33.9562149
"Albuquerque, NM, United States",-106.6055534,35.0853336
"Honolulu, HI, United States",-157.8583333,21.3069444
"Livonia, MI, United States",-83.3527097,42.36837
"Columbia, MO, United States",-92.3340724,38.9517053
"Williston, ND, United States",-103.6179745,48.1469683
"Amityville, NY, United States",-73.4170673,40.6789893
"Bullhead City, AZ, United States",-114.5285981,35.1359386
"Agua Prieta, NULL, Mexico",NA,NA
"LaSalle, IL, United States",-89.0418249,41.3621503
"Alma, AR, United States",-94.2218752,35.4778653
"Garden City, KS, United States",-100.8726618,37.9716898
"Miami, FL, United States",-80.1917902,25.7616798
"Spanish Fork, UT, United States",-111.654923,40.114955
"Neah Bay, WA, United States",-124.6249602,48.3681223
"Big Bear Lake, CA, United States",-116.9114215,34.2438963
"Las Cruces, NM, United States",-106.7636538,32.3199396
"Kingston, NY, United States",-73.9973608,41.9270367
"Parker, CO, United States",-104.7613633,39.5186002
"Bolingbrook, IL, United States",-88.0683955,41.6986416
"Great Falls, MT, United States",-111.2833449,47.4941836
"Needles, CA, United States",-114.6141315,34.8480597
"Mixon, TX, United States",-95.2102252,32.0887726
"Berkeley, CA, United States",-122.272747,37.8715926
"Baytown, TX, United States",-94.9774274,29.7355047
"Union, MO, United States",-91.0084762,38.4500517
"Raymond, WA, United States",-123.7329385,46.6864887
"Chiloquin, OR, United States",-121.8661258,42.5776364
"Santa Fe, NM, United States",-105.937799,35.6869752
"Portland, ME, United States",-70.2553259,43.661471
"South Bend, IN, United States",-86.2519898,41.6763545
"New Lisbon, NJ, United States",-74.6282653,39.9583094
"LaGrange, GA, United States",-85.0322444,33.0362218
"Clinton, MD, United States",-76.8983059,38.7651145
"Uncasville, CT, United States",-72.1100945,41.4316905
"Goodlettsville, TN, United States",-86.7133302,36.3231066
"El Monte, CA, United States",-118.0275667,34.0686206
"Burbank, CA, United States",-118.3089661,34.1808392
"Moline, IL, United States",-90.5151342,41.5067003
"Bryan County, OK, United States",-96.3226072,33.902127
"Bonney Lake, WA, United States",-122.1865056,47.1770457
"Milan, TN, United States",-88.7589488,35.9197885
"Memphis, TN, United States",-90.0489801,35.1495343
"Lynn, MA, United States",-70.9494938,42.466763
"Ypsilanti, MI, United States",-83.6129939,42.2411499
"Pottsville, PA, United States",-76.195499,40.6856456
"Willingboro, NJ, United States",-74.8916458,40.028848
"Townsend, MA, United States",-71.7051265,42.6667718
"Columbus, OH, United States",-82.9987942,39.9611755
"Bloomington, CA, United States",-117.3958797,34.07029
"Reseda, CA, United States",-118.5360517,34.2011141
"Midwest City, OK, United States",-97.3967019,35.4495065
"Monroe, MI, United States",-83.3977101,41.9164343
"Goose Creek, SC, United States",-80.0325867,32.9810059
"Glendora, CA, United States",-117.865339,34.1361187
"Chickasha, OK, United States",-97.9364326,35.052565
"San Diego, CA, United States",-117.1610838,32.715738
"Miami Beach, FL, United States",-80.1300455,25.790654
"Federal Way, WA, United States",-122.3126222,47.3223221
"Ocala, FL, United States",-82.1400923,29.1871986
"St. John's, NULL, Canada",-52.7125768,47.5615096
"Winston-Salem, NC, United States",-80.244216,36.0998596
"McCloud, CA, United States",-122.1394487,41.2557119
"Catawba, SC, United States",-80.9111862,34.8529233
"Rowland Heights, CA, United States",-117.9053395,33.9761238
"Mattapan, MA, United States",-71.0913748,42.2771417
"Tehachapi, CA, United States",-118.4489739,35.1321877
"Richmond, MO, United States",-93.9768876,39.278622
"Cedar Springs, MI, United States",-85.5514237,43.2233604
"Waterbury, CT, United States",-73.0514965,41.5581525
"Salisbury, MD, United States",-75.5993692,38.3606736
"Crestview, FL, United States",-86.5727995,30.7541808
"Opp, AL, United States",-86.2555067,31.2826685
"Sturgis, MI, United States",-85.4191482,41.799217
"Glens Falls, NY, United States",-73.6440058,43.3095164
"Sisters, OR, United States",-121.5492118,44.2909491
"Greensboro, NC, United States",-79.7919754,36.0726354
"Muskogee, OK, United States",-95.3696909,35.7478769
"Valrico, FL, United States",-82.2420317,27.9462615
"Bristow, IN, United States",-77.5367043,38.723303
"Eureka, CA, United States",-124.1636729,40.8020712
"Hartford, CT, United States",-72.6850932,41.7637111
"Brooksville, KY, United States",-84.0657632,38.6825719
"Fayetteville, NC, United States",-78.8783585,35.0526641
"Ventura, CA, United States",-119.2290316,34.274646
"Lexington, KY, United States",-84.5037164,38.0405837
"Santa Isabel, PR, United States",-66.3897939,18.0046774
"Lawrence, MA, United States",-71.1631137,42.7070354
"Wheaton, MD, United States",-77.0552555,39.0398314
"West Covina, CA, United States",-117.9389526,34.0686208
"Big Island, HI, United States",-155.6658568,19.5429151
"Lemmon Valley, NV, United States",-119.8432487,39.6360206
"The Woodlands, TX, United States",-95.4612625,30.1658207
"Shawnee, KS, United States",-94.7151865,39.0228485
"Makawao, HI, United States",-156.3130556,20.8569444
"Strasburg, VA, United States",-78.358616,38.9887199
"Monterey, CA, United States",-121.8946761,36.6002378
"Redding, CA, United States",-122.3916754,40.5865396
"Unadilla, GA, United States",-83.7365656,32.2615496
"Niles, IL, United States",-87.8028402,42.0189191
"Alexandria, VA, United States",-77.0469214,38.8048355
"Amarillo, TX, United States",-101.8312969,35.2219971
"Guayanilla, PR, United States",-66.791842,18.0191314
"Gillette, WY, United States",-105.5022205,44.2910915
"Seattle, WA, United States",-122.3320708,47.6062095
"Naples, FL, United States",-81.7948103,26.1420358
"Bonanza, OR, United States",-121.4061076,42.1987607
"Wilmington, DE, United States",-75.5397878,39.7390721
"Fontana, CA, United States",-117.435048,34.0922335
"Flint, MI, United States",-83.6874562,43.0125274
"Henderson, NV, United States",-114.9817213,36.0395247
"Webster, MA, United States",-71.8800628,42.050091
"Rosemead, CA, United States",-118.072846,34.0805651
"Spanaway, WA, United States",-122.4345661,47.103988
"Port Saint Lucie, FL, United States",-80.3582261,27.2730492
"Bridgeport, CT, United States",-73.1951767,41.1865478
"Dobbs Ferry, NY, United States",-73.872635,41.0145418
"Medford, OR, United States",-122.8755949,42.3265152
"Klamath Falls, OR, United States",-121.7816704,42.224867
"Yuma, AZ, United States",-114.6276916,32.6926512
"Ruston, LA, United States",-92.637927,32.5232053
"Mousie, KY, United States",-82.8779013,37.418563
"Clearwater, FL, United States",-82.8001026,27.9658533
"Grants Pass, OR, United States",-123.3283925,42.4390069
"Columbia Falls, MT, United States",-114.1804038,48.3799643
"Gardena, CA, United States",-118.3089624,33.8883487
"Greenville, AL, United States",-86.6177517,31.8295972
"Saratoga Springs, NY, United States",-73.7845651,43.0831301
"Woburn, MA, United States",-71.1522765,42.4792618
"Rawlins, WY, United States",-107.2386627,41.7910697
"Atwater, CA, United States",-120.609084,37.3477174
"Ramona, CA, United States",-116.8792553,33.0413604
"Eldon, MO, United States",-92.5815759,38.3483636
"West Sacramento, CA, United States",-121.530234,38.5804609
"Honeydew, CA, United States",-124.1230133,40.2432341
"Jefferson City, TN, United States",-83.492396,36.122311
"Bradenton, FL, United States",-82.5748194,27.4989278
"Otsego, MI, United States",-85.696406,42.4605904
"Washington, DC, United States",-77.0368707,38.9071923
"Fort Jackson, SC, United States",-80.9501652,34.0170912
"Tulsa, OK, United States",-95.992775,36.1539816
"Augusta, GA, United States",-82.0105148,33.4734978
"La Mesa, CA, United States",-117.0230839,32.7678287
"Winterhaven, CA, United States",-114.6346751,32.739491
"Mansfield, TX, United States",-97.1416768,32.5631924
"Pinyon Pines, CA, United States",-116.4527917,33.5894713
"Jefferson, LA, United States",-90.1531298,29.9660371
"San Bernardino, CA, United States",-117.2897652,34.1083449
"Charleston, SC, United States",-79.9310512,32.7764749
"Jacksonville Beach, FL, United States",-81.3961338,30.2841224
"Concord, NH, United States",-71.5375718,43.2081366
"Hollywood, CA, United States",-118.3286614,34.0928092
"Sparks, NV, United States",-119.7526886,39.5349112
"Oak Park, IL, United States",-87.7845025,41.8850317
"Keota, IA, United States",-91.9537859,41.3639015
"Westfield, MA, United States",-72.749538,42.1250929
"Katonah, NY, United States",-73.6854137,41.2587043
"Barre, MA, United States",-72.1051002,42.4229047
"Saint Paul, MN, United States",-93.0899578,44.9537029
"Brandon, FL, United States",-82.2859247,27.937801
"Ashland, KY, United States",-82.6379387,38.4784144
"Saint Petersburg, FL, United States",-82.6267345,27.7518284
"Palestine, TX, United States",-95.6307891,31.7621153
"Coupeville, WA, United States",-122.6862804,48.2198208
"Taholah, WA, United States",-124.29324,47.3473047
"San Mateo, CA, United States",-122.3255254,37.5629917
"Bismarck, ND, United States",-100.7837392,46.8083268
"Hialeah, FL, United States",-80.2781057,25.8575963
"Napa, CA, United States",-122.286865,38.2975381
"Trenton, MI, United States",-83.1782587,42.1394858
"Bakersfield, CA, United States",-119.0187125,35.3732921
"Chino, CA, United States",-117.688944,34.0122346
"Fort McCoy, FL, United States",-81.9670322,29.3649734
"Dallas, GA, United States",-84.8413056,33.9244531
"Montgomery, AL, United States",-86.2999689,32.3668052
"Kettering, OH, United States",-84.1688274,39.6895036
"Granby, CO, United States",-105.9394597,40.086097
"Bethany, OK, United States",-97.6322639,35.5186678
"Davenport, IA, United States",-90.5776367,41.5236437
"Anacortes, WA, United States",-122.6126718,48.5126045
"Hot Springs, AR, United States",-93.0551795,34.5037004
"Chaparral, NM, United States",-106.4288088,32.0513075
"Chatsworth, CA, United States",-118.61481,34.2506356
"Hollywood, FL, United States",-80.1494901,26.0112014
"Moca, PR, United States",-67.1132356,18.3946688
"Kenbridge, VA, United States",-78.125,36.9620944
"Sacramento, CA, United States",-121.4943996,38.5815719
"Wasilla, AK, United States",-149.4394444,61.5813889
"Ocean Shores, WA, United States",-124.1562852,46.9736986
"Angleton, TX, United States",-95.4318847,29.16941
"East Brunswick, NJ, United States",-74.4049778,40.4316955
"Long Beach, CA, United States",-118.1937395,33.7700504
"Boothwyn, PA, United States",-75.4415843,39.8301125
"Marshall, TX, United States",-94.3674184,32.5448714
"Rockford, AL, United States",-86.2196936,32.8895681
"Marysville, CA, United States",-121.5913547,39.1457253
"Toa Alta, PR, United States",-66.2482237,18.3882823
"Macon, GA, United States",-83.6324022,32.8406946
"Sterling, IL, United States",-89.6962194,41.788642
"Tuskegee, AL, United States",-85.7077266,32.430237
"New Haven, CT, United States",-72.9278835,41.308274
"Christiana, TN, United States",-86.399437,35.7100683
"Guaynabo, PR, United States",-66.1110682,18.3615548
"Santa Rosa, CA, United States",-122.7140548,38.440429
"Queens, NY, United States",-73.7948516,40.7282239
"Welch, OK, United States",-95.0957968,36.8736854
"Wichita, KS, United States",-97.330053,37.6871761
"Shelby, NC, United States",-81.5356463,35.2923513
"Palmdale, CA, United States",-118.1164613,34.5794343
"Gaithersburg, MD, United States",-77.2013705,39.1434406
"Pasadena, TX, United States",-95.2091006,29.6910625
"South River, NJ, United States",-74.3859831,40.446495
"Paterson, NJ, United States",-74.171811,40.9167654
"Orlando, FL, United States",-81.3792365,28.5383355
"Irvine, CA, United States",-117.7946942,33.6839473
"Bayonne, NJ, United States",-74.1143091,40.6687141
"Beckley, WV, United States",-81.1881557,37.7781702
"Roseboro, NC, United States",-78.5086181,34.9529475
"Fulton, MS, United States",-88.4092133,34.2739933
"Jonestown, PA, United States",-76.4782965,40.4137017
"Bryan, TX, United States",-96.3699632,30.6743643
"Quincy, CA, United States",-120.9471764,39.9368363
"Suffern, NY, United States",-74.1495889,41.1148179
"Benton Harbor, MI, United States",-86.4541894,42.1167065
"Jackson, TN, United States",-88.8139469,35.6145169
"Sparta, TN, United States",-85.4641421,35.9258985
"West Chesterfield, NH, United States",-72.5151566,42.9036282
"Hilliard, OH, United States",-83.1582451,40.0333961
"Tracy, CA, United States",-121.4252227,37.7396513
"Revere, MA, United States",-71.0119948,42.4084302
"Avondale, AZ, United States",-112.3496021,33.4355977
"Henderson, TX, United States",-94.7993802,32.1532156
"La Grange, NC, United States",-77.7880337,35.3068292
"Clinton, LA, United States",-91.0156594,30.8657362
"Erie, PA, United States",-80.085059,42.1292241
"Eloy, AZ, United States",-111.554844,32.7558962
"Nashville, TN, United States",-86.7816016,36.1626638
"Charlottesville, VA, United States",-78.4766781,38.0293059
"Rosedale, MD, United States",-76.5155191,39.3201074
"Adjuntas, PR, United States",-66.7221187,18.1627363
"Torrance, CA, United States",-118.3406288,33.8358492
"Galax, VA, United States",-80.9239671,36.6612387
"Henrico, VA, United States",-77.3324425,37.5059332
"Independence, MO, United States",-94.4155068,39.0911161
"Burlington, NJ, United States",-74.8648873,40.071222
"Ely, NV, United States",-114.8886296,39.2474393
"Black Earth, WI, United States",-89.7467896,43.1372152
"Shiprock, NM, United States",-108.6870322,36.7855543
"Jacksonville, FL, United States",-81.655651,30.3321838
"Franklin, TN, United States",-86.8688899,35.9250637
"Quincy, MA, United States",-71.0022705,42.2528772
"Saratoga Springs, UT, United States",-111.9044877,40.3301898
"Minot, ND, United States",-101.2922906,48.2329668
"Kent, OH, United States",-81.3578859,41.1536674
"Channelview, TX, United States",-95.1146533,29.7760599
"Lake Los Angeles, CA, United States",-117.8281193,34.6124905
"Cape Girardeau, MO, United States",-89.5181476,37.3058839
"Pea Ridge, AR, United States",-94.1152041,36.4539625
"Craig, CO, United States",-107.5464541,40.5152491
"North Lake Tahoe, CA, United States",-120.0314979,39.237984
"Harlingen, TX, United States",-97.6961026,26.1906306
"Rancho St. Margarita, CA, United States",-117.603104,33.640855
"Hubbard, OH, United States",-80.569239,41.1564463
"Apopka, FL, United States",-81.5322149,28.6934076
"Victorville, CA, United States",-117.2927641,34.5362184
"Saint David, AZ, United States",-110.2142399,31.9042517
"Littleton, CO, United States",-105.0166498,39.613321
"Clermont, FL, United States",-81.7728543,28.5494447
"Nogales, AZ, United States",-110.9342532,31.3403775
"Vernon, CT, United States",-72.479037,41.8186802
"Tallahassee, FL, United States",-84.2807329,30.4382559
"Ellenton, FL, United States",-82.5275963,27.521705
"San Fernando, CA, United States",-118.4389719,34.2819461
"Godwin, NC, United States",-78.6814075,35.2176639
"McCleary, WA, United States",-123.2654308,47.053151
"Downey, CA, United States",-118.1331593,33.9401088
"Grahamsville, NY, United States",-74.547935,41.8478701
"Evans, GA, United States",-82.1306747,33.5337464
"Newton, MA, United States",-71.2092214,42.3370413
"Antigo, WI, United States",-89.1523353,45.140245
"Alliance, OH, United States",-81.1059309,40.9153362
"Omaha, NE, United States",-95.9979883,41.2523634
"El Ciruelo, NULL, Mexico",NA,NA
"Asotin, WA, United States",-117.0482116,46.3393265
"Calexico, CA, United States",-115.4988834,32.6789476
"Carolina Beach, NC, United States",-77.8935966,34.0351726
"Malden, WA, United States",-117.4726928,47.2287814
"Spring, TX, United States",-95.4171601,30.0799405
"Corvallis, OR, United States",-123.2620435,44.5645659
"Belchertown, MA, United States",-72.4008884,42.2770346
"Plainsboro, NJ, United States",-74.585292,40.3382543
"Bonita Springs, FL, United States",-81.7786972,26.339806
"San Marcos, CA, United States",-117.1661449,33.1433723
"Tempe, AZ, United States",-111.9400054,33.4255104
"Savannah, TN, United States",-88.2492037,35.2248034
"Milwaukee, WI, United States",-87.9064736,43.0389025
"Bedford, VA, United States",-79.5230877,37.3343079
"Savannah, GA, United States",-81.0998342,32.0835407
"Inkster, MI, United States",-83.3099303,42.2942045
"Decatur, GA, United States",-84.2963123,33.7748275
"San Ramon, CA, United States",-121.9780153,37.7799273
"Saint Croix, VI, United States",-64.7736445,17.7291535
"West Bloomfield, MI, United States",-83.373339,42.5678534
"Newark, DE, United States",-75.7496572,39.6837226
"Raleigh, NC, United States",-78.6381787,35.7795897
"Yabucoa, PR, United States",-65.8793288,18.0505201
"Poplar, MT, United States",-105.1983149,48.1130741
"Schenectady, NY, United States",-73.9395687,42.8142432
"South Sioux City, NE, United States",-96.4130601,42.4648558
"Syracuse, NY, United States",-76.1474244,43.0481221
"North Hills, CA, United States",-118.4849365,34.235822
"West Palm Beach, FL, United States",-80.0533746,26.7153424
"Batavia, OH, United States",-84.1768795,39.0770072
"La Plume, PA, United States",-75.754592,41.5580976
"East Meadow, NY, United States",-73.5590157,40.7139898
"Grove City, PA, United States",-80.0886703,41.1578377
"Jericho, VT, United States",-72.9976266,44.5039395
"Burlington, VT, United States",-73.212072,44.4758825
"Capitola, CA, United States",-121.953293,36.9752283
"DuBois, PA, United States",-78.7583257,41.1210115
"Ellenville, NY, United States",-74.3957099,41.7170379
"Dayton, OH, United States",-84.1916069,39.7589478
"Minneapolis, MN, United States",-93.2650108,44.977753
"Vancouver, WA, United States",-122.6716063,45.6318397
"Arlington, WA, United States",-122.1251418,48.1987118
"Issaquah, WA, United States",-122.0326191,47.5301011
"Winter Haven, FL, United States",-81.7328567,28.0222435
"Auburndale, FL, United States",-81.7886906,28.0652975
"Selma, AL, United States",-87.0211007,32.4073589
"Goliad, TX, United States",-97.3883265,28.6683252
"Port Republic, MD, United States",-76.5293985,38.5009561
"Hauppauge, NY, United States",-73.2026138,40.8256536
"Grover Beach, CA, United States",-120.6212821,35.1216424
"Goleta, CA, United States",-119.8276389,34.4358294
"Anahola, HI, United States",-159.3155556,22.1452778
"Spring Valley, CA, United States",-116.998916,32.744774
"Kodiak, AK, United States",-152.4072222,57.79
"Lowell, MA, United States",-71.3161718,42.6334247
"Jerome, ID, United States",-114.5186534,42.7240732
"El Dorado, AR, United States",-92.6662674,33.20763
"Twin Falls, ID, United States",-114.4608711,42.5629668
"Rohnert Park, CA, United States",-122.7010984,38.3396367
"Montebello, CA, United States",-118.1137535,34.0165053
"Ashland, ME, United States",-68.3895277,46.6609983
"Campbell, CA, United States",-121.9499568,37.2871651
"Virginia Beach, VA, United States",-75.977985,36.8529263
"Westland, MI, United States",-83.400211,42.324204
"Elkhart, IN, United States",-85.9766671,41.6819935
"Montrose, CA, United States",-118.2351192,34.228754
"Wassaic, NY, United States",-73.5587368,41.8039824
"Freeport, TX, United States",-95.3596617,28.9541368
"Newport Beach, CA, United States",-117.9289469,33.6189101
"Willoughby Hills, OH, United States",-81.4184471,41.5983823
"Covington, KY, United States",-84.5085536,39.0836712
"Felton, DE, United States",-75.5779807,39.0084463
"New Haven, NY, United States",-76.3152105,43.4797914
"Nipton, CA, United States",-115.2722098,35.4666532
"Downers Grove, IL, United States",-88.0111746,41.8089191
"Orange, VA, United States",-78.1108342,38.2454106
"Nederland, CO, United States",-105.5108312,39.9613759
"Anaheim, CA, United States",-117.9145036,33.8352932
"Jonesville, LA, United States",-91.8181828,31.6265595
"Camillus, NY, United States",-76.3040965,43.039233
"Monroe City, MO, United States",-91.7346056,39.6536529
"Morenci, MI, United States",-84.2180026,41.7194949
"San Marcos, TX, United States",-97.9413941,29.8832749
"Peru, NE, United States",-95.7336054,40.4741686
"Oakdale, NY, United States",-73.1387242,40.7439872
"Fremont, CA, United States",-121.9885719,37.5482697
"Fairfax, OH, United States",-84.3932734,39.1453377
"Smyrna, GA, United States",-84.5143761,33.8839926
"Metairie, LA, United States",-90.1528519,29.9840922
"South Boston, VA, United States",-78.9013987,36.6987493
"Culpeper, VA, United States",-77.9962512,38.4729632
"Athens, TX, United States",-95.8555207,32.2048735
"Mequon, WI, United States",-88.0314174,43.2159232
"West Valley, UT, United States",-112.0010501,40.6916132
"Albany, OR, United States",-73.7562317,42.6525793
"New Braunfels, TX, United States",-98.1244531,29.7030024
"Fairview Park, OH, United States",-81.8643039,41.4414366
"Lowman, ID, United States",-115.6186743,44.0809804
"Plainfield, NJ, United States",-74.4073736,40.6337136
"Walterboro, SC, United States",-80.6667688,32.9051704
"Ormond Beach, FL, United States",-81.0558894,29.2858129
"Scotland Neck, NC, United States",-77.4202475,36.1296002
"Lawndale, CA, United States",-118.3525744,33.887237
"East Liverpool, OH, United States",-80.5772928,40.6186756
"Monument, CO, United States",-104.872758,39.0916586
"Silver City, NM, United States",-108.280326,32.770075
"Topeka, KS, United States",-95.6890185,39.0558235
"High Ridge, MO, United States",-90.5365126,38.4589432
"Bessemer, AL, United States",-86.954437,33.4017766
"Hernando, MS, United States",-89.9937018,34.823987
"Liberty, TX, United States",-94.7954783,30.057993
"Lancaster, SC, United States",-80.7709014,34.7204257
"Frisco, TX, United States",-96.8236116,33.1506744
"Boise, ID, United States",-116.2146068,43.6187102
"Rockford, IL, United States",-89.0939952,42.2711311
"Chula Vista, CA, United States",-117.0841955,32.6400541
"Port Townsend, WA, United States",-122.7604472,48.1170387
"Turlock, CA, United States",-120.8465941,37.4946568
"Camp Lejeune, NC, United States",-77.4013403,34.6250544
"Millersville, TN, United States",-86.7099966,36.3711605
"Plattsburgh, NY, United States",-73.4529124,44.6994873
"Aurora, IL, United States",-88.3200715,41.7605849
"Oxnard, CA, United States",-119.1770516,34.1975048
"Saipan, MP, United States",145.7297891,15.1515153
"Greensburg, PA, United States",-79.5389289,40.3014581
"Bloomington, IN, United States",-86.5263857,39.165325
"Creswell, OR, United States",-123.0245261,43.9179023
"Lansing, MI, United States",-84.5555347,42.732535
"Austin, TX, United States",-97.7430608,30.267153
"Ludington, MI, United States",-86.4525831,43.9552825
"Oscoda, MI, United States",-83.3307974,44.4202888
"Vallejo, CA, United States",-122.2566367,38.1040864
"Hamilton Township, PA, United States",-75.2712393,40.9501097
"Santa Barbara, CA, United States",-119.6981901,34.4208305
"Social Circle, GA, United States",-83.718231,33.656228
"Azusa, CA, United States",-117.9075627,34.1336186
"Blount, TN, United States",-83.8473015,35.6710541
"Brattleboro, VT, United States",-72.5578678,42.8509152
"Southbridge, MA, United States",-72.0333905,42.0751065
"Venice, CA, United States",-118.4694832,33.9850469
"Weston, WV, United States",-80.467313,39.0384274
"Lehigh, KS, United States",-97.3030858,38.3727872
"Leawood, KS, United States",-94.6169012,38.966673
"Glendale, AZ, United States",-112.1859866,33.5386523
"Palm Springs, CA, United States",-116.5452921,33.8302961
"Bellevue, WA, United States",-122.2015159,47.6101497
"Accokeek, MD, United States",-77.0283092,38.6676168
"Poudre Park, CO, United States",-105.3094598,40.6855634
"Salem, AR, United States",-91.8226479,36.3711763
"Detroit, MI, United States",-83.0457538,42.331427
"Hallandale Beach, FL, United States",-80.148379,25.9812024
"Battle Mountain, NV, United States",-116.9342671,40.6421334
"Piscataway, NJ, United States",-74.4642861,40.554887
"Waterville, ME, United States",-69.6317121,44.5520105
"Fair Lawn, NJ, United States",-74.1318096,40.9403762
"Columbia, SC, United States",-81.0348144,34.0007104
"Snohomish, WA, United States",-122.0981848,47.9128756
"Bremerton, WA, United States",-122.6269768,47.5650067
"Daly City, CA, United States",-122.4702079,37.6879241
"Davis, CA, United States",-121.7405167,38.5449065
"Huntington Park, CA, United States",-118.2250725,33.9816812
"Cornelius, OR, United States",-80.8600736,35.4868032
"Snowville, UT, United States",-112.7097012,41.9654754
"Laredo, TX, United States",-99.4803241,27.5305671
"White Marsh, MD, United States",-76.4599043,39.3794196
"Fitchburg, MA, United States",-71.8022955,42.5834228
"Overland Park, KS, United States",-94.6707917,38.9822282
"Elk Grove, CA, United States",-121.3716178,38.4087993
"Aurora, MO, United States",-93.717979,36.970891
"Plano, TX, United States",-96.6988856,33.0198431
"Thornton, CO, United States",-104.9719243,39.8680412
"La Marque, TX, United States",-94.9713134,29.3685674
"Texarkana, TX, United States",-94.0476882,33.425125
"Duson, LA, United States",-92.1854035,30.2357577
"Honeoye Falls, NY, United States",-77.5902759,42.9522855
"Tupper Lake, NY, United States",-74.4640575,44.2239488
"Sarasota, FL, United States",-82.5306527,27.3364347
"Mason, TX, United States",-99.230611,30.7487884
"Eunola, AL, United States",-85.847435,31.0399013
"McLean, VA, United States",-77.1772604,38.9338676
"Mobile, AL, United States",-88.0398912,30.6953657
"Vista, CA, United States",-117.2425355,33.2000368
"Broken Arrow, OK, United States",-95.7974526,36.060949
"Lemoore, CA, United States",-119.7829107,36.3007835
"Falfurrias, TX, United States",-98.1441714,27.2269872
"Calabasas, CA, United States",-118.6614809,34.1367208
"Unionville, TN, United States",-86.592495,35.6217359
"Manhattan, NY, United States",-73.9712488,40.7830603
"Jacona, NULL, Mexico",NA,NA
"Battle Creek, MI, United States",-85.1797142,42.3211522
"Brentwood, NY, United States",-73.2462273,40.7812093
"Tunnel Hill, GA, United States",-85.0427257,34.8406339
"West Mifflin, PA, United States",-79.8664375,40.3634026
"San Luis Potosi, NULL, Mexico",NA,NA
"Palm Beach Gardens, FL, United States",-80.1386547,26.8233946
"Monticello, FL, United States",-83.8701636,30.5452022
"Edison, NJ, United States",-74.4120953,40.5187154
"Lake Bluff, IL, United States",-87.8443151,42.2791365
"Longmont, CO, United States",-105.1019275,40.1672068
"Tooele, UT, United States",-112.29828,40.5307776
"Southport, FL, United States",-85.6524784,30.2903306
"Juno Beach, FL, United States",-80.0533743,26.8797819
"Bethesda, MD, United States",-77.0947092,38.984652
"Rochester, NY, United States",-77.6109219,43.16103
"Palm Desert, CA, United States",-116.3744556,33.7222445
"Atchison, KS, United States",-95.1216356,39.5630521
"Worcester, MA, United States",-71.8022934,42.2625932
"Ferguson, MO, United States",-90.3053915,38.7442175
"Gautier, MS, United States",-88.6116854,30.385755
"Trabuco Canyon, CA, United States",-117.5869862,33.6655081
"Dickinson, ND, United States",-102.7896242,46.8791756
"Everett, WA, United States",-122.2020794,47.9789848
"Tulare, CA, United States",-119.3473379,36.2077288
"National City, CA, United States",-117.0991967,32.6781085
"Las Vegas, NM, United States",-105.2227978,35.5942137
"Aitkin, MN, United States",-93.7102493,46.5330129
"Altamonte Springs, FL, United States",-81.3656242,28.6611089
"Wilson, OK, United States",-97.4258551,34.1620385
"Shipman, VA, United States",-78.839187,37.7237531
"Lake City, FL, United States",-82.6392899,30.1896756
"Willmar, MN, United States",-95.048659,45.1223711
"Castaic, CA, United States",-118.6256552,34.4890363
"Waukesha, WI, United States",-88.2314813,43.0116784
"Chocowinity, NC, United States",-77.1005091,35.5126631
"York, PA, United States",-76.727745,39.9625984
"Heflin, AL, United States",-85.5842385,33.6444926
"Bishop, CA, United States",-118.3996636,37.3614238
"Pueblo, CO, United States",-104.6091409,38.2544472
"Williamsport, PA, United States",-77.0010786,41.2411897
"Lubbock, TX, United States",-101.8551665,33.5778631
"Pittsburg, CA, United States",-121.8846806,38.0279762
"Charlotte, NC, United States",-80.8431267,35.2270869
"Bowling Green, KY, United States",-86.4808043,36.9685219
"Chain of Ponds Township, ME, United States",-70.6221458,45.3161589
"Anchorage, AK, United States",-149.9002778,61.2180556
"Camden, MS, United States",-89.8386923,32.7823556
"Morgan City, LA, United States",-91.20677,29.6993748
"East Haven, CT, United States",-72.8684565,41.2841687
"Eatontown, NJ, United States",-74.0509725,40.2962222
"Rockingham, NC, United States",-79.7739457,34.9393201
"Burgaw, NC, United States",-77.926098,34.5521113
"Montclair, CA, United States",-117.6897776,34.0775104
"Pine Bluff, AR, United States",-92.0031955,34.2284312
"Moreno Valley, CA, United States",-117.2296717,33.9424658
"Phillips Ranch, CA, United States",-117.7842637,34.0362084
"Manassas, VA, United States",-77.4752667,38.7509488
"Santa Clara, CA, United States",-121.9552356,37.3541079
"Immokalee, FL, United States",-81.4174057,26.4185248
"New Port Richey, FL, United States",-82.7192671,28.2441768
"Lemon Grove, CA, United States",-117.0314172,32.7425516
"Tustin, CA, United States",-117.826166,33.7458511
"Pocatello, ID, United States",-112.4455344,42.8713032
"Pomona, CA, United States",-117.7499909,34.055103
"Fairfield, IL, United States",-88.3597683,38.378937
"Olathe, KS, United States",-94.8191285,38.8813958
"Canyon Country, CA, United States",-118.4720633,34.4235425
"Fort Campbell, KY, United States",-87.4773902,36.6634467
"Westwego, LA, United States",-90.1422962,29.9060388
"Durham, NC, United States",-78.898619,35.9940329
"Plantation, FL, United States",-80.2331036,26.1275862
"Elkton, MD, United States",-75.8332718,39.6067789
"Fresno, CA, United States",-119.7725868,36.7468422
"Clarksburg, MD, United States",-77.2794288,39.2387164
"Stuttgart, AR, United States",-91.5526281,34.5003748
"Pascagoula, MS, United States",-88.5561272,30.3657552
"Beech Grove, IN, United States",-86.0899847,39.7219884
"Lake Forest, CA, United States",-117.689218,33.6469661
"East Orange, NJ, United States",-74.2048677,40.767323
"Quincy, FL, United States",-84.591058,30.5880468
"Ogden, UT, United States",-111.9738304,41.223
"Slidell, LA, United States",-89.7811745,30.2751945
"Marion, NC, United States",-82.0092745,35.6840131
"Tezoyuca, , Mexico",-98.913064,19.5918565
"Woodbridge, VA, United States",-77.2497049,38.6581722
"Saint Lawrence, PA, United States",-75.8718697,40.3270373
"Lowellville, OH, United States",-80.5364593,41.0353371
"Blytheville, AR, United States",-89.9189753,35.9272953
"Arleta, CA, United States",-118.4338345,34.2504595
"Rock Hill, SC, United States",-81.0250784,34.9248667
"Silver Spring, MD, United States",-77.026088,38.9906657
"Clayton, MI, United States",-84.2363347,41.8633809
"Morganfield, KY, United States",-87.9166915,37.6833776
"Romulus, MI, United States",-83.3965994,42.2222614
"Auburn, WA, United States",-122.2284532,47.3073228
"Littlerock, CA, United States",-117.9836793,34.521104
"Fairmont, NC, United States",-79.114202,34.4968311
"Eugene, OR, United States",-123.0867536,44.0520691
"Fairfield, AL, United States",-86.9119366,33.4859402
"Cary, NC, United States",-78.7811169,35.79154
"Wellsville, NY, United States",-77.9480575,42.1220124
"Cheyenne, WY, United States",-104.8202462,41.1399814
"Niles, MI, United States",-86.2541768,41.8297694
"Cleveland, OH, United States",-81.6943605,41.49932
"Nocona, TX, United States",-97.7258626,33.7867684
"Mission Hills, CA, United States",-118.4688776,34.2722582
"Blue Ridge, TX, United States",-96.4016498,33.2978909
"Porterville, CA, United States",-119.0167679,36.06523
"Harvey, IL, United States",-87.6467131,41.6100344
"Berwick, PA, United States",-76.2332676,41.0545292
"Wynne, AR, United States",-90.7867798,35.224533
"Fullerton, CA, United States",-117.9242966,33.8703596
"Oakland, MI, United States",-83.336188,42.5921924
"Wethersfield, CT, United States",-72.6596244,41.7063537
"Corpus Christi, TX, United States",-97.396381,27.8005828
"Pendleton, SC, United States",-82.7837514,34.6517733
"Manor, TX, United States",-97.5569456,30.3407629
"Kent, WA, United States",-122.2348431,47.3809335
"Burleson, TX, United States",-97.3208492,32.5420821
"Upper Darby, PA, United States",-75.3076883,39.957902
"West Point, VA, United States",-76.7963504,37.5315335
"Belen, NM, United States",-106.7761546,34.6627652
"Hidden Valley Lake, CA, United States",-122.5583155,38.8079573
"Leadore, ID, United States",-113.358091,44.6802005
"Griffin, GA, United States",-84.2640904,33.2467807
"Holyoke, MA, United States",-72.6162009,42.2042586
"Bethel, NC, United States",-77.3788558,35.8071028
"Del Valle, TX, United States",-97.6472349,30.2091069
"Everett, MA, United States",-71.0536625,42.40843
"Manhattan Beach, CA, United States",-118.4109089,33.8847361
"Gary, IN, United States",-87.3464271,41.5933696
"Tequesta, FL, United States",-80.1121493,26.9636401
"Jupiter Inlet, FL, United States",-80.0744458,26.9478705
"Boys Town, NE, United States",-96.1319649,41.2611099
"Bel Air, MD, United States",-76.3482931,39.5359406
"Buford, GA, United States",-84.0043513,34.1206564
"Marianna, FL, United States",-85.2268735,30.7743596
"Culver City, CA, United States",-118.3964665,34.0211224
"Wake Forest, NC, United States",-78.5097228,35.9798734
"Covington, GA, United States",-83.8601827,33.5967815
"Saint George, UT, United States",-113.5684164,37.0965278
"Boerne, TX, United States",-98.7319703,29.7946641
"Antioch, TN, United States",-86.6715948,36.0597177
"Kapolei, HI, United States",-158.0568965,21.3353909
"Winchester, TN, United States",-86.1122071,35.1859163
"Irving, TX, United States",-96.9488945,32.8140177
"Homestead, FL, United States",-80.4775569,25.4687224
"East Point, GA, United States",-84.4393724,33.6795531
"Centralia, IL, United States",-89.1316944,38.5285169
"Fall River, MA, United States",-71.1550451,41.7014912
"Columbus, GA, United States",-84.9877094,32.4609764
"Indianapolis, IN, United States",-86.158068,39.768403
"Schofield, WI, United States",-89.6045659,44.9096907
"Frederick, MD, United States",-77.4105409,39.4142688
"Kissimmee, FL, United States",-81.407571,28.2919557
"Phillipsburg, NJ, United States",-75.1901761,40.6937099
"Springfield, VA, United States",-77.1872036,38.7892801
"Gwynn Oak, MD, United States",-76.6977522,39.3359385
"Owasso, OK, United States",-95.8547119,36.2695388
"Lakewood, CO, United States",-105.0813734,39.7047095
"Morganton, NC, United States",-81.6848188,35.7454071
"San Gabriel, CA, United States",-118.1058333,34.0961111
"Highland Home, AL, United States",-86.3138546,31.9534835
"La Verne, CA, United States",-117.7678355,34.1008426
"Waldorf, MD, United States",-76.9105483,38.6265124
"Greenville, IL, United States",-89.4131356,38.8922687
"Crossville, TN, United States",-85.0269014,35.9489566
"Platteville, CO, United States",-104.8227494,40.2149829
"Arlington, MA, United States",-71.1564729,42.4153925
"Cliffside Park, NJ, United States",-73.9876388,40.8214894
"Yosemite Nat. Park, CA, United States",-119.556055,37.7403473
"Arlington, VA, United States",-77.1067698,38.8799697
"Lake Worth, FL, United States",-80.0684479,26.6167555
"Waco, TX, United States",-97.1466695,31.549333
"Fremont, NE, United States",-96.4981467,41.4333909
"Crystal, MN, United States",-93.3602286,45.0327425
"New Ellenton, SC, United States",-81.6856654,33.421531
"Lafayette, CO, United States",-105.0897058,39.9935959
"South Euclid, OH, United States",-81.5184553,41.5231076
"San Dimas, CA, United States",-117.8067257,34.1066756
"Visalia, CA, United States",-119.2920585,36.3302284
"Davie, FL, United States",-80.2521157,26.0764783
"Prescott, AZ, United States",-112.4685025,34.5400242
"Fennville, MI, United States",-86.1017009,42.5939168
"Norwood, MA, United States",-71.1989695,42.1943909
"Boynton Beach, FL, United States",-80.0905465,26.5317866
"Attleboro, MA, United States",-71.2856082,41.9445441
"Tavernier, FL, United States",-80.5150608,25.0115186
"Lakewood, WA, United States",-122.518458,47.1717649
"El Reno, OK, United States",-97.9550493,35.5322741
"Escondido, CA, United States",-117.086421,33.1192068
"Blue Springs, MO, United States",-94.2816148,39.0169509
"Conyers, GA, United States",-84.0176904,33.6676103
"Gretna, LA, United States",-90.0539603,29.9146493
"Yakima, WA, United States",-120.5058987,46.6020711
"Okmulgee, OK, United States",-95.9605502,35.6234367
"Huntington Beach, CA, United States",-117.9992265,33.660297
"Camden, NJ, United States",-75.1196199,39.9259463
"New Bedford, MA, United States",-70.934205,41.6362152
"Spartanburg, SC, United States",-81.9320482,34.9495672
"Richmond, IN, United States",-84.8902382,39.8289369
"Kennett, MO, United States",-90.0556493,36.2361762
"Jenison, MI, United States",-85.7919784,42.907248
"Springfield, MA, United States",-72.589811,42.1014831
"Egg Harbor City, NJ, United States",-74.6479364,39.5287282
"Midland, TX, United States",-102.0779146,31.9973456
"Saginaw, MI, United States",-83.9508068,43.4194699
"Redlands, CA, United States",-117.1825381,34.0555693
"Marietta, GA, United States",-84.5499327,33.952602
"Round Rock, TX, United States",-97.678896,30.5082551
"Pharr, TX, United States",-98.1836216,26.1947962
"Womelsdorf, PA, United States",-76.1841139,40.3617591
"Lithonia, GA, United States",-84.1051939,33.7123305
"Kansas City, KS, United States",-94.6274636,39.114053
"Banning, CA, United States",-116.8764103,33.9255713
"Hixson, TN, United States",-85.2368219,35.137265
"Great Bend, KS, United States",-98.7648073,38.3644567
"Columbia, TN, United States",-87.0352831,35.6150716
"Pacoima, CA, United States",-118.4104684,34.2767691
"Chelsea, MA, United States",-71.0328284,42.3917638
"Lincoln, NE, United States",-96.6851982,40.8257625
"Shelbyville, TN, United States",-86.4602717,35.483406
"Davao City, NULL, Philippines",125.645252,7.130218
"Greenville, KY, United States",-87.1788854,37.2011539
"Poteau, OK, United States",-94.6235579,35.0537094
"Longview, TX, United States",-94.7404891,32.5007037
"Anderson, CA, United States",-122.2977815,40.448208
"Madisonville, TN, United States",-84.3635338,35.5197984
"Opa-locka, FL, United States",-80.2503271,25.9023168
"Brownsville, TX, United States",-97.4974838,25.9017472
"Laurel, MD, United States",-76.8483061,39.0992752
"Huntsville, AL, United States",-86.5861037,34.7303688
"Country Side, IL, United States",-87.879523,41.766022
"Edmonds, WA, United States",-122.3773552,47.8106521
"Pleasantville, NY, United States",-73.7924152,41.1333371
"Greenville, SC, United States",-82.3940104,34.8526176
"Alexandria, LA, United States",-92.4451371,31.3112936
"Beaverton, OR, United States",-122.8037102,45.487062
"South Elgin, IL, United States",-88.2922996,41.9941938
"Manassas Park, VA, United States",-77.4697111,38.7840035
"Lakewood, CA, United States",-118.1339563,33.8536269
"Canton, GA, United States",-84.4907621,34.2367621
"Bowie, MD, United States",-76.7791365,39.0067768
"Mount Vernon, NY, United States",-73.8370786,40.9125992
"Hamilton, NJ, United States",-74.6796651,40.2115109
"Delray Beach, FL, United States",-80.0728201,26.4614625
"Spindale, NC, United States",-81.929271,35.3601212
"Woodstock, GA, United States",-84.5193754,34.1014873
"Flourtown, PA, United States",-75.2041164,40.1030433
"Urbana, IL, United States",-88.2072697,40.1105875
"Winter Park, FL, United States",-81.3392352,28.5999998
"Commerce City, CO, United States",-104.9338675,39.8083196
"Milford Mill, MD, United States",-76.7699739,39.3478838
"Haverhill, MA, United States",-71.0772796,42.7762015
"Conway, SC, United States",-79.0478143,33.8360034
"Passaic, NJ, United States",-74.1284764,40.8567662
"Macomb, MI, United States",-82.9286428,42.6651965
"Mosinee, WI, United States",-89.7031784,44.7930232
"Tucker, GA, United States",-84.2171424,33.8545479
"Carmichael, CA, United States",-121.3282843,38.617127
"Hialeah Gardens, FL, United States",-80.3244957,25.8650961
"Upper Marlboro, MD, United States",-76.7496909,38.8159473
"Naperville, IL, United States",-88.1535352,41.7508391
"Manteno, IL, United States",-87.8314324,41.2505881
"Rio Rancho, NM, United States",-106.6630437,35.2327544
"Marseilles, IL, United States",-88.7081293,41.3308666
"Dinuba, CA, United States",-119.3870656,36.5432837
"Carrollton, GA, United States",-85.0766113,33.5801103
"Buffalo, NY, United States",-78.8783689,42.8864468
"Flossmoor, IL, United States",-87.6847684,41.5428123
"Buckeye, AZ, United States",-112.5837766,33.3703197
"Wills Point, TX, United States",-96.0083018,32.7092955
"Aurora, CO, United States",-104.8319195,39.7294319
"Edinburg, TX, United States",-98.1633432,26.3017374
"Mount Rainier, MD, United States",-76.9649751,38.9415
"Evansville, IN, United States",-87.5710898,37.9715592
"Bay Saint Louis, MS, United States",-89.3300461,30.3088076
"Springfield, MO, United States",-93.2922989,37.2089572
"Peoria, IL, United States",-89.5889864,40.6936488
"District Heights, MD, United States",-76.8894171,38.8576128
"Wedowee, AL, United States",-85.484675,33.3090047
"Taft, TX, United States",-97.3986041,27.9789074
"Troy, OH, United States",-84.2032767,40.0394982
"Richmond, CA, United States",-122.3477486,37.9357576
"Cambridge, MA, United States",-71.1097335,42.3736158
"Mill Spring, NC, United States",-82.1619441,35.2978105
"Corryton, TN, United States",-83.784746,36.1528688
"Elgin, SC, United States",-80.794252,34.1709826
"Lewisburg, TN, United States",-86.7888887,35.4492404
"Cantrall, IL, United States",-89.6759372,39.9378273
"Easton, PA, United States",-75.2207323,40.688432
"Hercules, CA, United States",-122.2885808,38.0171441
"Irmo, SC, United States",-81.1831513,34.0859829
"Encinitas, CA, United States",-117.2919818,33.0369867
"North Wilkesboro, NC, United States",-81.1475841,36.1584651
"Hendersonville, NC, United States",-82.4609528,35.3187279
"Fairfield, TX, United States",-96.1652481,31.7246128
"Curtis Bay, MD, United States",-76.5863882,39.2208578
"North Little Rock, AR, United States",-92.2670941,34.769536
"Clovis, NM, United States",-103.2052272,34.4047987
"Sterling, VA, United States",-77.4291298,39.0066993
"Mountain City, TN, United States",-81.804838,36.4745636
"Texas City, TX, United States",-94.9027002,29.383845
"Magna, UT, United States",-112.1016088,40.7091121
"Ronda, NC, United States",-80.9411858,36.2184669
"Dearborn Heights, MI, United States",-83.2732627,42.3369816
"Somerville, TN, United States",-89.3500714,35.2436969
"La Fayette, GA, United States",-85.2818998,34.7048022
"Redondo Beach, CA, United States",-118.3884078,33.8491816
"Hawthorne, CA, United States",-118.3525748,33.9164032
"Tijuana, , Mexico",-117.0382471,32.5149469
"Park Forest, IL, United States",-87.6744891,41.4914236
"Kalamazoo, MI, United States",-85.5872286,42.2917069
"Berwyn, IL, United States",-87.7936685,41.8505874
"Winter Springs, FL, United States",-81.3081226,28.6988853
"Bossier City, LA, United States",-93.7321228,32.5159852
"Batavia, NY, United States",-78.1875167,42.9981156
"Sevierville, TN, United States",-83.561835,35.8681455
"Little Rock, AR, United States",-92.2895948,34.7464809
"Colleyville, TX, United States",-97.155012,32.8809603
"Miami Springs, FL, United States",-80.289495,25.8223198
"Matthews, NC, United States",-80.7236804,35.1168131
"Cedar Park, TX, United States",-97.8202888,30.505198
"Monmouth, OR, United States",-74.123996,40.2589455
"Mankato, MN, United States",-93.9993996,44.1635775
"Mattawa, WA, United States",-119.9028234,46.73791
"Cincinnati, OH, United States",-84.5120196,39.1031182
"Petersburg, IN, United States",-87.2786244,38.4919935
"Falls Church, VA, United States",-77.1710914,38.882334
"Humble, TX, United States",-95.2621553,29.9988312
"Wilmington, CA, United States",-118.2643567,33.7857948
"Lomita, CA, United States",-118.3150722,33.7922392
"Swampscott, MA, United States",-70.9175562,42.4709437
"Yorktown, IN, United States",-85.4941396,40.1736547
"Sylmar, CA, United States",-118.4571974,34.3058279
"Universal City, TX, United States",-98.2911235,29.5480071
"Belleview, FL, United States",-82.0623105,29.0552578
"Pasadena, CA, United States",-118.1445155,34.1477849
"Ellijay, GA, United States",-84.4821498,34.6948076
"Anoka, MN, United States",-93.3871758,45.1977428
"Alton, IL, United States",-90.1842764,38.8906038
"Morristown, NJ, United States",-74.4815438,40.7967667
"Kingman, AZ, United States",-114.0530065,35.189443
"Morgantown, WV, United States",-79.9558968,39.629526
"Edmond, OK, United States",-97.4780954,35.6528323
"Slaton, TX, United States",-101.6434915,33.4373113
"Medina, NY, United States",-78.3869685,43.2200583
"Vero Beach, FL, United States",-80.3972736,27.6386434
"Waukegan, IL, United States",-87.8447938,42.3636331
"Rancho Cucamonga, CA, United States",-117.5931084,34.1063989
"Sellersburg, IN, United States",-85.754964,38.3981216
"Richton Park, IL, United States",-87.7033787,41.484479
"Oak Ridge, TN, United States",-84.2696449,36.0103561
"Lithia Springs, GA, United States",-84.6604899,33.7939953
"Canton, OH, United States",-81.378447,40.7989473
"Dacono, CO, United States",-104.9394216,40.0847062
"Haltom City, TX, United States",-97.2691817,32.7995738
"Lake Villa, IL, United States",-88.0739708,42.4169651
"Dallas, NC, United States",-81.1761895,35.3165257
"Fort Wayne, IN, United States",-85.1393513,41.079273
"Parkville, MD, United States",-76.5396875,39.3773292
"Springfield, OH, United States",-83.8088171,39.9242266
"Huntington Station, NY, United States",-73.4115091,40.8534318
"Cloquet, MN, United States",-92.4611825,46.7217735
"Clearfield, PA, United States",-78.4391876,41.0272796
"Guymon, OK, United States",-101.4815493,36.6828041
"Flagstaff, AZ, United States",-111.651302,35.1982836
"Gustine, CA, United States",-120.9988154,37.2577171
"Portage, IN, United States",-87.1761455,41.5758707
"Syosset, NY, United States",-73.502068,40.8262101
"Central Islip, NY, United States",-73.2017811,40.7906538
"Middletown, IN, United States",-85.537197,40.0572668
"West Chester, OH, United States",-84.4172666,39.3321262
"Levittown, PA, United States",-74.8287747,40.1551096
"Shreveport, LA, United States",-93.7501789,32.5251516
"Falmouth, MA, United States",-70.6085886,41.5532208
"Mission, SD, United States",-100.6581944,43.3058368
"Bellflower, CA, United States",-118.1170117,33.8816818
"Rutland, MA, United States",-71.9481211,42.3695086
"Seekonk, MA, United States",-71.3369972,41.808434
"Esparto, CA, United States",-122.0171925,38.6921258
"Somerville, MA, United States",-71.0994968,42.3875968
"Richmond, TX, United States",-95.7607832,29.5821811
"Conroe, TX, United States",-95.4560512,30.3118769
"Plymouth, MA, United States",-70.6672621,41.9584457
"Kenedy, TX, United States",-97.8486123,28.8191468
"Maryville, TN, United States",-83.9704593,35.7564719
"Easley, SC, United States",-82.6015206,34.829838
"Memphis, IN, United States",-90.0489801,35.1495343
"Youngtown, AZ, United States",-112.3029362,33.5939281
"Hobbs, NM, United States",-103.1360403,32.7026116
"Winnetka, IL, United States",-87.735895,42.1080834
"Pollock Pines, CA, United States",-120.5865935,38.7612923
"Port Angeles, WA, United States",-123.4307413,48.118146
"Portland, TX, United States",-97.3238805,27.8772463
"Franklin, WI, United States",-88.0384195,42.888627
"Lawton, OK, United States",-98.3959291,34.6035669
"Juneau, AK, United States",-134.4197222,58.3019444
"Hastings On Hudson, NY, United States",-73.8787461,40.994542
"Bend, OR, United States",-121.3153096,44.0581728
"Kankakee, IL, United States",-87.8611531,41.1200325
"Oviedo, FL, United States",-81.2081203,28.669997
"Woodland, CA, United States",-121.7732971,38.6785157
"Coweta, OK, United States",-95.650814,35.9517674
"Grayson, GA, United States",-83.95574,33.8942729
"Canton, MS, United States",-90.0367512,32.6126381
"Dartmouth, MA, United States",-70.9704787,41.6130323
"Springfield, IL, United States",-89.6501481,39.7817213
"Largo, FL, United States",-82.7873244,27.9094665
"Athens, GA, United States",-83.357567,33.9519347
"West Frankfort, IL, United States",-88.9233622,37.8985966
"Leavenworth, KS, United States",-94.9224637,39.3111112
"Galt, CA, United States",-121.2999485,38.2546373
"South Yarmouth, MA, United States",-70.1847413,41.6667779
"East Bend, NC, United States",-80.512558,36.2165279
"Lovelock, NV, United States",-118.4734808,40.1793537
"Gresham, OR, United States",-122.4302013,45.5001357
"Seguin, TX, United States",-97.9647269,29.5688411
"Naranja, FL, United States",-80.4228332,25.5181647
"Muncie, IN, United States",-85.3863599,40.1933767
"Grifton, NC, United States",-77.4374641,35.3726629
"Bemidji, MN, United States",-94.8858492,47.4875361
"Holiday, FL, United States",-82.7395454,28.18779
"Danbury, CT, United States",-73.4540111,41.394817
"Country Club Hills, IL, United States",-87.7203257,41.5680898
"Hays, NC, United States",-81.1156388,36.2498543
"Blue Island, IL, United States",-87.6800486,41.6572562
"Conway, AR, United States",-92.4421011,35.0886963
"Manning, SC, United States",-80.2109134,33.6951627
"Milburn, OK, United States",-96.5491654,34.2409271
"Kerrville, TX, United States",-99.1403189,30.0474332
"Jersey City, NJ, United States",-74.0776417,40.7281575
"Valhalla, NY, United States",-73.7751326,41.0748188
"Taylor, MI, United States",-83.2696509,42.240872
"Childress, TX, United States",-100.2040019,34.4264529
"Centennial, CO, United States",-104.8771726,39.5807452
"Mountain Home, ID, United States",-115.6911975,43.1329504
"Monticello, AR, United States",-91.7909639,33.6289974
"Oxford, MI, United States",-83.2646624,42.8247524
"Quaker Hill, CT, United States",-72.1122491,41.4035625
"Mount Hermon, LA, United States",-90.295925,30.9601803
"Fallon, NV, United States",-118.7770407,39.4748693
"Saint Cloud, FL, United States",-81.2811801,28.2489016
"Peabody, MA, United States",-70.9286609,42.5278731
"Bessemer City, NC, United States",-81.28397,35.2848579
"Martinsville, IN, United States",-86.4283279,39.4278253
"Miami Gardens, FL, United States",-80.2456045,25.9420377
"Butler, PA, United States",-79.8953328,40.8611755
"Sierra Vista, AZ, United States",-110.2772856,31.5455001
"Hyde Park, MA, United States",-71.1240559,42.2565289
"Pekin, IL, United States",-89.640658,40.5675388
"Batesville, AR, United States",-91.6409721,35.769799
"Lake Elmo, MN, United States",-92.8793768,44.9957998
"Neptune, NJ, United States",-74.0314165,40.2005472
"Monticello, MN, United States",-93.7941378,45.3055201
"West Union, OH, United States",-83.5451934,38.7945166
"North Charleston, SC, United States",-79.9748103,32.8546197
"Gibsonton, FL, United States",-82.382593,27.8536365
"East Longmeadow, MA, United States",-72.5125863,42.0645396
"Hawaiian Gardens, CA, United States",-118.0728424,33.8314045
"Milton, FL, United States",-87.0396881,30.6324149
"Huntingburg, IN, United States",-86.9549971,38.2989422
"Brooksville, FL, United States",-82.3878709,28.5552719
"Methuen, MA, United States",-71.1908924,42.7262016
"Roxbury, MA, United States",-71.0913748,42.3151978
"Ellenwood, GA, United States",-84.2873662,33.609725
"San Augustine, TX, United States",-94.1060282,31.5299029
"Ossining, NY, United States",-73.8615246,41.1628731
"La Feria, TX, United States",-97.8238853,26.1589644
"Panorama City, CA, United States",-118.442425,34.227617
"Knob Noster, MO, United States",-93.5585458,38.7666798
"Logan, OH, United States",-82.4070986,39.5400672
"Hephzibah, GA, United States",-82.0967857,33.3140311
"Lebanon Junction, KY, United States",-85.7319042,37.8345086
"Jefferson, SC, United States",-80.3889566,34.6501547
"Redwood City, CA, United States",-122.2363548,37.4852152
"Canoga Park, CA, United States",-118.6058609,34.208254
"Dunkirk, NY, United States",-79.3339324,42.4795019
"Canadian, TX, United States",-100.3820772,35.91282
"Lancaster, PA, United States",-76.3055144,40.0378755
"Hooksett, NH, United States",-71.4651283,43.0967213
"Peoria, AZ, United States",-112.2373779,33.5805955
"Raymore, MO, United States",-94.4527294,38.801953
"Dover, DE, United States",-75.5243682,39.158168
"Lonoke, AR, United States",-91.8998611,34.7839795
"Jefferson, GA, United States",-83.5723876,34.1170537
"Eagle Mountain, UT, United States",-112.006882,40.3141169
"Yonkers, NY, United States",-73.8987469,40.9312099
"Wyandotte, MI, United States",-83.1499239,42.2142064
"Grand Prairie, TX, United States",-96.9977846,32.7459645
"Rockholds, KY, United States",-84.1163215,36.8286964
"Wilson, TX, United States",-101.7240454,33.3170352
"Galloway, OH, United States",-83.162972,39.913345
"Ware, MA, United States",-72.2398566,42.2598457
"Ridley Park, PA, United States",-75.3237993,39.8812236
"Fresno, TX, United States",-95.4474414,29.5388465
"Dalton, GA, United States",-84.9702228,34.7698021
"Hampton, GA, United States",-84.2829784,33.3870578
"Wataga, IL, United States",-90.2798474,41.0253155
"Salem, OR, United States",-70.8967155,42.51954
"Bloomington, IL, United States",-88.9936873,40.4842027
"Poughkeepsie, NY, United States",-73.9209701,41.7003713
"Loganville, GA, United States",-83.9007382,33.8389977
"Plant City, FL, United States",-82.1128641,28.0186323
"Berkley, MA, United States",-71.0828222,41.8459347
"Brainerd, MN, United States",-94.2020084,46.3526733
"Corbin, KY, United States",-84.0968761,36.9486986
"Bountiful, UT, United States",-111.880771,40.8893895
"Kokomo, IN, United States",-86.1336033,40.486427
"Deltona, FL, United States",-81.2636738,28.9005446
"Arlington, TX, United States",-97.1080656,32.735687
"Clarkson, KY, United States",-86.2213614,37.4953332
"Nebraska City, NE, United States",-95.8593616,40.6765745
"Orange, TX, United States",-93.7365549,30.0929879
"Yorkton, Saskatchewan, , Canada",-102.4739331,51.2174482
"Cleveland, TN, United States",-84.8766115,35.1595182
"Grove City, OH, United States",-83.0929644,39.8814519
"Wayne, MI, United States",-83.3863214,42.2814269
"North Wales, PA, United States",-75.2782317,40.2109404
"Bulverde, TX, United States",-98.4530729,29.7438332
"Carlyle, IL, United States",-89.3725796,38.6103264
"Sullivan, MO, United States",-91.1604207,38.2081045
"East Chicago, IN, United States",-87.4547635,41.6392024
"Orange, CA, United States",-117.8531119,33.7877944
"Science Hill, KY, United States",-84.6357766,37.1770222
"Marysville, OH, United States",-83.3671432,40.2364486
"Andover, OH, United States",-80.572296,41.6067211
"Renton, WA, United States",-122.2170661,47.4828776
"Sand Springs, OK, United States",-96.108891,36.1398102
"Kirkland, WA, United States",-122.2059833,47.6768927
"Waleska, GA, United States",-84.5521524,34.3164826
"Indian Head, MD, United States",-77.1622016,38.6001186
"Bell, CA, United States",-118.1870156,33.9775142
"Abilene, TX, United States",-99.7331439,32.4487364
"Riverview, FL, United States",-82.3264809,27.8661364
"Riverdale, GA, United States",-84.4132594,33.5726113
"Ocoee, FL, United States",-81.5439619,28.5691677
"Middletown, DE, United States",-75.7163207,39.449556
"Fayetteville, AR, United States",-94.1574263,36.0625795
"Stockbridge, GA, United States",-84.2338093,33.5442781
"Douglasville, GA, United States",-84.7477136,33.7514966
"Mechanicsburg, PA, United States",-77.0085876,40.2142565
"Farmington, NM, United States",-108.2186856,36.7280583
"Asheville, NC, United States",-82.5514869,35.5950581
"Brookings, OR, United States",-96.7983877,44.3113573
"Murrieta, CA, United States",-117.2139232,33.5539143
"Forest Park, IL, United States",-87.81367,41.8794758
"Union City, GA, United States",-84.5424299,33.5870558
"Cutler Bay, FL, United States",-80.3468593,25.5808323
"Tillamook, OR, United States",-123.8440137,45.4562158
"Cocoa, FL, United States",-80.7419984,28.3861159
"Van Wert, OH, United States",-84.5841223,40.8694927
"Baton Rouge, LA, United States",-91.1403196,30.4582829
"Duluth, MN, United States",-92.1004852,46.7866719
"Amsterdam, NY, United States",-74.190356,42.9377453
"North Bergen, NJ, United States",-74.012084,40.8042674
"Crowley, TX, United States",-97.3625172,32.5790251
"Salem, MA, United States",-70.8967155,42.51954
"Missouri City, TX, United States",-95.5377215,29.6185669
"Zeeland, MI, United States",-86.018651,42.8125246
"Hudsonville, MI, United States",-85.8650358,42.870859
"Livermore, CA, United States",-121.7680088,37.6818745
"Kaneohe, HI, United States",-157.7973653,21.3996475
"Grandview, MO, United States",-94.5330096,38.8858407
"Winston Salem, NC, United States",-80.244216,36.0998596
"Amelia, OH, United States",-84.2177136,39.0283966
"Lancaster, TX, United States",-96.7561082,32.5920798
"Caldwell, ID, United States",-116.6873596,43.6629384
"Daytona Beach, FL, United States",-81.0228331,29.2108147
"Pinson, TN, United States",-88.7206103,35.4900756
"Ontario, CA, United States",-117.6508876,34.0633443
"Clearfield, UT, United States",-112.0260538,41.1107771
"Stewartville, MN, United States",-92.4885079,43.8555186
"Reynoldsburg, OH, United States",-82.8121191,39.9547861
"Somerset, TX, United States",-98.6577985,29.2263504
"Hot Springs National Park, AR, United States",-93.0423545,34.5216915
"Rialto, CA, United States",-117.3703235,34.1064001
"Westbury, NY, United States",-73.5876273,40.7556561
"Gilbert, AZ, United States",-111.789027,33.3528264
"Huntsville, TX, United States",-95.5507771,30.7235263
"Pleasanton, TX, United States",-98.4786269,28.967194
"Winnetka, CA, United States",-118.5739621,34.2048586
"Seminole, FL, United States",-82.7912134,27.8397466
"New Castle, DE, United States",-75.5668166,39.6620397
"Hondo, TX, United States",-99.1414249,29.3474565
"Mansfield, OH, United States",-82.5154471,40.75839
"Thomasville, NC, United States",-80.0819879,35.8826369
"Globe, AZ, United States",-110.7864984,33.3942223
"Chiefland, FL, United States",-82.8598421,29.4749621
"Altadena, CA, United States",-118.1313188,34.190162
"Centreville, VA, United States",-77.4288769,38.8403909
"Emory, TX, United States",-95.7655183,32.874566
"Idaho Falls, ID, United States",-112.0339645,43.4916514
"Harrisburg, PA, United States",-76.8867008,40.2731911
"Middleton, TN, United States",-88.8908918,35.0645319
"New Galilee, PA, United States",-80.3995096,40.8356188
"Donna, TX, United States",-98.05195,26.1703525
"Waller, TX, United States",-95.9268986,30.0566085
"Porter, TX, United States",-95.2364276,30.1044506
"Canton, MI, United States",-83.482116,42.3086444
"Bluff City, TN, United States",-82.2609685,36.4742705
"Coatesville, PA, United States",-75.8238355,39.9831616
"Pana, IL, United States",-89.0800809,39.3889311
"Honesdale, PA, United States",-75.2587871,41.5767552
"Beaver Dam, WI, United States",-88.837329,43.4577692
"Hamilton, OH, United States",-84.5613355,39.3995008
"Wendell, NC, United States",-78.3697213,35.780987
"Compton, CA, United States",-118.2200712,33.8958492
"Madison, WI, United States",-89.4012302,43.0730517
"Valders, WI, United States",-87.8842583,44.0661044
"Belgrade, MT, United States",-111.1770945,45.7762463
"Henderson, CO, United States",-104.8660597,39.9202178
"Canfield, OH, United States",-80.7609121,41.0250584
"Mckeesport, PA, United States",-79.8641232,40.3470671
"Rittman, OH, United States",-81.7820775,40.9781103
"Sioux Falls, SD, United States",-96.7311034,43.5445959
"Grand Junction, CO, United States",-108.5506486,39.0638705
"Williamston, SC, United States",-82.4779053,34.6184471
"La Follette, TN, United States",-84.1199472,36.3828852
"Auburn, NY, United States",-76.5660529,42.9317335
"Palm Springs, FL, United States",-80.0961538,26.6359009
"Granite City, IL, United States",-90.1487199,38.7014389
"Marion, SC, United States",-79.4006069,34.178216
"Fredericksburg, VA, United States",-77.4605399,38.3031837
"Olympia, WA, United States",-122.9006951,47.0378741
"Springfield, OR, United States",-123.0220289,44.0462362
"Mableton, GA, United States",-84.5824329,33.8187167
"Summerville, SC, United States",-80.1756481,33.0185039
"Anderson, SC, United States",-82.6501332,34.5034394
"Rutherfordton, NC, United States",-81.9567716,35.3692877
"Freeport, IL, United States",-89.6212271,42.2966861
"North Fort Myers, FL, United States",-81.8800861,26.6672935
"Kingsport, TN, United States",-82.5618186,36.548434
"Racine, OH, United States",-81.9143031,38.9711908
"Hamden, CT, United States",-72.9026064,41.3838782
"Machesney Park, IL, United States",-89.0389956,42.3472406
"New Britain, CT, United States",-72.7795419,41.6612104
"Moravian Falls, NC, United States",-81.1823072,36.0967982
"Decatur, TX, United States",-97.5861393,33.2342834
"Boulder, CO, United States",-105.2705456,40.0149856
"Trenton, OH, United States",-84.4577222,39.4808905
"Elmira, NY, United States",-76.8077338,42.0897965
"Sun Valley, NV, United States",-119.7760234,39.5962993
"Glen Rock, PA, United States",-76.7302495,39.7931577
"Hawthorne, NY, United States",-73.7959666,41.1073183
"Camarillo, CA, United States",-119.0376023,34.2163937
"Greenfield, OH, United States",-83.3826928,39.3520084
"Lancaster, MA, United States",-71.6731242,42.4556452
"Sharon, PA, United States",-80.4934035,41.2331116
"Winchendon, MA, United States",-72.0439529,42.6871009
"Spring Hill, FL, United States",-82.5369872,28.4831682
"Centre Hall, PA, United States",-77.6861093,40.8475635
"Imperial Beach, CA, United States",-117.1130849,32.5839444
"Eustis, FL, United States",-81.6853534,28.8527675
"Chatham, IL, United States",-89.7045439,39.676163
"Del City, OK, United States",-97.4408698,35.4420062
"Montgomery Village, MD, United States",-77.2036041,39.172728
"Santa Cruz, CA, United States",-122.0307963,36.9741171
"Sinton, TX, United States",-97.5091611,28.0366818
"Two Rivers, WI, United States",-87.5692478,44.1538844
"Saint Croix Falls, WI, United States",-92.6396509,45.4099615
"Safety Harbor, FL, United States",-82.6931553,27.9908529
"Bronston, KY, United States",-84.6229965,36.9856324
"O Fallon, IL, United States",-89.910991,38.592323
"Knoxville, TN, United States",-83.9207392,35.9606384
"Clayton, NM, United States",-103.1841039,36.451693
"West Plains, MO, United States",-91.8523711,36.7281154
